feature,area,priority,original,clone,notes
Start empty workout now,workout,must,yes,yes,
Log yesterday's workout,workout,should,yes,yes,start dialog option
Resume active session,workout,must,yes,yes,
Live session duration,workout,should,yes,yes,
Finish session (empty sessions deleted),workout,must,yes,yes,SessionManager.endSession
Stale session auto-close >12h,workout,must,yes,yes,SessionManager.initialize - untouched
Choose exercise by muscle group,workout,must,yes,yes,merged into one picker
Recent exercises first in picker,workout,should,no,yes,new in v2
Add custom exercise (equipment/pattern/tracking),workout,must,yes,yes,
Delete exercise,workout,should,yes,yes,long-press
Weight and reps steppers,logging,must,yes,yes,
Long-press manual weight/reps entry,logging,should,yes,yes,
Assisted set flag,logging,should,yes,yes,
RPE 6-10,logging,should,yes,yes,
Set notes,logging,could,yes,yes,
Plate calculator (bar weight from settings),logging,should,yes,yes,
Previous session sets for exercise,logging,must,yes,yes,
Today's sets for exercise with completion marks,logging,must,no,yes,new in v2
Suggested next set from real history,logging,must,yes,yes,v1 = weight-only bump; v2 = double progression
Rest timer auto-start / skip / default from settings,logging,must,yes,yes,
Rest timer +/-15s adjust,logging,could,no,yes,new in v2
Haptic on set logged,logging,should,yes,yes,
Set-logged confirmation,logging,should,yes,yes,
Set number auto-increment,logging,must,yes,yes,
Active workout overview (exercises in session),workout,must,no,yes,new in v2
Session list,history,must,yes,yes,
History grouped by month with day and split label,history,must,no,yes,new in v2
Rest days shown in timeline,history,could,no,yes,new in v2
Delete session,history,must,yes,yes,long-press
Auto-clean empty sessions on open,history,should,yes,yes,
Session summary stats (sets/volume/time),summary,must,yes,yes,
Session notes shown,summary,could,yes,yes,
Per-exercise sets with RPE and notes,summary,must,yes,yes,
PR detection per exercise,summary,must,yes,yes,
PR celebration,summary,should,yes,yes,v2 = inline row + haptic; confetti removed
Volume by muscle,summary,should,yes,yes,
Share session as text,summary,should,yes,yes,
Share session as image,summary,should,yes,yes,
Insights from intelligence engine,progress,must,yes,yes,v2 = concise rows from dataPoints
Weekly volume vs last week,progress,must,yes,yes,
Weekly volume history chart (labeled),progress,should,yes,yes,v1 unlabeled
Workout consistency (sessions per week),progress,should,no,yes,new in v2
PR list,progress,should,no,yes,new in v2
Per-exercise progression status (progressing/stable/stalling/regressing),progress,must,no,yes,new in v2
Exercise detail: best weight / est 1RM / last session,analytics,must,yes,yes,v1 had 1RM + total volume
Exercise chart with axes units dates,analytics,must,no,yes,new in v2
Chart range selector 4W/8W/3M/6M/1Y/ALL,analytics,must,no,yes,new in v2
Chart tabs Strength/Volume/Reps,analytics,should,no,yes,new in v2
Tap chart point for detail,analytics,should,no,yes,new in v2
Change % over selected period,analytics,should,no,yes,new in v2
Next session recommendation,analytics,must,yes,yes,v1 = generic sentence
Log body weight (one per day),body,must,yes,yes,
Body weight history list with delete,body,must,yes,yes,
Body weight chart (labeled) with range 7D/30D/3M/6M/1Y,body,must,yes,yes,v1 unlabeled no range
Current / change / period stats,body,must,yes,yes,
Muscle recovery overview,body,should,no,yes,new in v2 - derived from set history
Today's training recommendation from recovery,home,should,no,yes,new in v2
Home: primary action,home,must,yes,yes,
Home: weekly activity strip,home,must,yes,yes,
Home: streak,home,should,yes,yes,compact
Home: recent PR,home,should,no,yes,new in v2
Home: last workout,home,should,yes,yes,
Home: one insight,home,should,yes,yes,v1 showed two verbose
Home: lifetime stats tiles,home,could,yes,partial,workout count is the History header; lifetime volume dropped as a vanity number
Home: body weight tile,home,could,yes,yes,"lives in the Body tab: current, change, labelled chart"
Settings reachable from Home,settings,must,yes,yes,
Units kg/lbs,settings,must,yes,yes,
Default rest seconds,settings,must,yes,yes,
Bar weight,settings,should,yes,yes,
Export CSV,settings,must,yes,yes,
Backup JSON,settings,must,yes,yes,
Restore JSON (incl. extension-less),settings,must,yes,yes,
Program days list and scheduling,programs,should,yes,yes,
Program weekly calendar,programs,should,yes,yes,
Program session log (5x kg/reps),programs,should,yes,yes,
Animated atmosphere background,visual,could,yes,skip,removed on purpose: the brief rules out decorative constant motion
Confetti particles,visual,could,yes,skip,removed on purpose: the brief rules out excessive particles; PR = accent row wash + haptic
Staggered list entrance,visual,could,yes,skip,removed on purpose: decorative; list insert/remove motion kept
Reduced-motion support,visual,must,yes,yes,every animation checks LocalReducedMotion; legacy screens removed
Screen transitions,visual,should,no,yes,new in v2
Archivo typeface,visual,must,yes,yes,
Leaderboards / social feed,skip,could,no,skip,single-user offline app
Wearable heart-rate,skip,could,no,skip,no hardware integration in scope
Backup includes programs and settings,settings,could,no,no,BUG-008 follow-up; v1 never had it
Tablet / landscape layout (content width cap),visual,could,no,yes,new in v2 (P12)
